{"tagline":"AlloyTimer定时器 - 番茄工作法的时间管理应用","google":"","body":"AlloyTimer\r\n==========\r\nAlloyTimer定时器 - 番茄工作法的时间管理应用\r\n\r\nBy [AlloyTeam](http://www.AlloyTeam.com/)\r\n\r\n\r\n### 番茄工作方法\r\n\r\n1. 输入一个任务，将番茄时间设为25分钟点【开始工作】\r\n2. 专注工作，中途不允许做任何与该任务无关的事，直到番茄时钟响起\r\n3. 然后短暂休息一下，5分钟左右","note":"Don't delete this file! It's used internally to help with page regeneration.","name":"AlloyTimer"}